url,page_type,city,primary_intent,title,h1,meta_description,canonical,indexability,schema,content_depth,internal_links,priority,notes
https://www.hautlabmx.com,Homepage,Mérida,Marca + piel + diseño facial,HAUTLAB + Dr. Salvador Cordero | Piel y diseño facial en Mérida,Precisión médica. Estética contenida.,"Precisión médica. Estética contenida. Valoración de piel, diseño facial y procedimientos por indicación en Mérida, con resultados sobrios.",https://www.hautlabmx.com,"Index, follow",MedicalClinic global,Media,Alta hacia áreas y procedimientos,P1,Posicionamiento premium claro; H1 de marca no captura directamente dermatología en Mérida.
https://www.hautlabmx.com/procedimientos,Biblioteca/índice,Mérida,Explorar procedimientos y condiciones,Áreas de atención y procedimientos | HAUTLAB,Información clara antes de decidir qué hacer.,"Explora diseño facial, piel y textura, condiciones de piel y procedimientos focales en HAUTLAB Mérida.",https://www.hautlabmx.com/procedimientos,"Index, follow",MedicalClinic global,Media,Alta hacia 18 páginas y 4 hubs,P1,Buen nodo de distribución; falta CollectionPage/BreadcrumbList y mayor contexto clínico-local.
https://www.hautlabmx.com/contacto,Contacto,Mérida,Agendar valoración,Contacto | Dr. Salvador Cordero,Agenda una valoración privada.,Agenda valoración privada con el Dr. Salvador Cordero.,https://www.hautlabmx.com/contacto,"Index, follow",MedicalClinic global,Baja,Baja,P2,"Puede reforzar dirección, horario, precio de consulta y señales locales."
https://www.hautlabmx.com/pagos,Transaccional,Mérida,Pagos y reservaciones,Pagos seguros | HAUTLAB + Dr. Salvador Cordero,Pagos seguros y reservaciones.,"Pagos seguros para valoración, apartado o link personalizado de HAUTLAB en Mérida.",https://www.hautlabmx.com/pagos,"Index, follow",MedicalClinic global,Media,Media,P3,Correcta para usuarios; baja prioridad orgánica.
https://www.hautlabmx.com/aviso-de-privacidad,Legal,General,Privacidad,Aviso de Privacidad Integral | HAUTLAB,Aviso de Privacidad Integral.,"Aviso de Privacidad Integral de Dr. Salvador Cordero Romero / HAUTLAB para pacientes, prospectos y titulares de datos personales.",https://www.hautlabmx.com/aviso-de-privacidad,"Index, follow",MedicalClinic global,Alta,Baja,P3,Correcta como documento institucional; no es objetivo de tráfico.
https://www.hautlabmx.com/tratamientos/medicina-estetica-facial,Hub de servicio,Mérida,Medicina estética facial en Mérida,Diseño facial | HAUTLAB + Dr. Salvador Cordero,Diseño facial,"Rinomodelación, toxina botulínica, labios, ojeras y soporte facial con enfoque conservador. Lectura anatómica y proporción facial. Se priorizan naturalidad, soporte, movimiento y límites seguros.",https://www.hautlabmx.com/tratamientos/medicina-estetica-facial,"Index, follow",MedicalClinic global,Media-baja,Alta hacia páginas de la categoría,P1,Hub útil pero delgado; debe consolidar intención local sin competir con procedimientos.
https://www.hautlabmx.com/tratamientos/calidad-de-piel-y-soporte,Hub de servicio,Mérida,Calidad de piel y soporte en Mérida,Piel y textura | HAUTLAB + Dr. Salvador Cordero,Piel y textura,"Textura, poros, cicatrices, estrías, pigmento, bioestimulación y procedimientos de soporte. Se trabaja barrera, textura, pigmento, colágeno y soporte. A veces el cambio correcto no es añadir volumen.",https://www.hautlabmx.com/tratamientos/calidad-de-piel-y-soporte,"Index, follow",MedicalClinic global,Media-baja,Alta hacia páginas de la categoría,P1,Menciona estrías sin página específica; oportunidad de expansión validada.
https://www.hautlabmx.com/tratamientos/dermatologia-clinica,Hub de servicio,Mérida,Dermatología clínica / dermatólogo en Mérida,Condiciones de piel | HAUTLAB + Dr. Salvador Cordero,Condiciones de piel,"Acné, rosácea, melasma, dermatitis, caída de cabello, uñas y piel sensible. Consulta médica con diagnóstico, rutina terapéutica y seguimiento. Se evita tratar síntomas sin entender el patrón completo.",https://www.hautlabmx.com/tratamientos/dermatologia-clinica,"Index, follow",MedicalClinic global,Media-baja,Alta hacia páginas de la categoría,P0,Mayor brecha semántica: title y H1 no expresan dermatología clínica ni intención local principal.
https://www.hautlabmx.com/tratamientos/dermatologia-procedimental,Hub de servicio,Mérida,Dermatología procedimental en Mérida,Procedimientos focales | HAUTLAB + Dr. Salvador Cordero,Procedimientos focales,"Verrugas, lunares, quistes, dermatoscopia y procedimientos dirigidos a lesiones específicas. Evaluación previa y selección de técnica según diagnóstico, localización, seguridad y resultado esperado.",https://www.hautlabmx.com/tratamientos/dermatologia-procedimental,"Index, follow",MedicalClinic global,Media-baja,Alta hacia páginas de la categoría,P1,"Menciona quistes, dermatoscopia, cauterización y biopsias sin páginas específicas."
https://www.hautlabmx.com/procedimientos/rinomodelacion,Procedimiento/condición,Mérida,Rinomodelación en Mérida,Rinomodelación en Mérida | HAUTLAB + Dr. Salvador Cordero,Rinomodelación,Corrección visual de proporciones nasales con enfoque conservador y valoración anatómica previa.,https://www.hautlabmx.com/procedimientos/rinomodelacion,"Index, follow",MedicalClinic global + MedicalWebPage + FAQPage + BreadcrumbList,Media-baja,Breadcrumb + categoría + 2 relacionados,P0,"Profundizar riesgos, recuperación, duración, alternativas, autoría y contexto local."
https://www.hautlabmx.com/procedimientos/toxina-botulinica,Procedimiento/condición,Mérida,Toxina botulínica en Mérida,Toxina botulínica en Mérida | HAUTLAB + Dr. Salvador Cordero,Toxina botulínica,Modulación de fuerza muscular para suavizar líneas dinámicas sin borrar la expresión.,https://www.hautlabmx.com/procedimientos/toxina-botulinica,"Index, follow",MedicalClinic global + MedicalWebPage + FAQPage + BreadcrumbList,Media-baja,Breadcrumb + categoría + 2 relacionados,P0,"Profundizar inicio/duración, efectos adversos, contraindicaciones, alternativas y autoría."
https://www.hautlabmx.com/procedimientos/labios,Procedimiento/condición,Mérida,Labios en Mérida,Labios en Mérida | HAUTLAB + Dr. Salvador Cordero,Labios,"Definición, soporte e hidratación visual sin perder proporción ni identidad.",https://www.hautlabmx.com/procedimientos/labios,"Index, follow",MedicalClinic global + MedicalWebPage + FAQPage + BreadcrumbList,Media-baja,Breadcrumb + categoría + 2 relacionados,P2,Página existente; no crear /labios-merida. Mejorar detalle y precio solo si se autoriza.
https://www.hautlabmx.com/procedimientos/ojeras,Procedimiento/condición,Mérida,Ojeras en Mérida,Ojeras en Mérida | HAUTLAB + Dr. Salvador Cordero,Ojeras,"Valoración de hundimiento, pigmento, bolsas y calidad cutánea antes de decidir si conviene relleno u otra estrategia.",https://www.hautlabmx.com/procedimientos/ojeras,"Index, follow",MedicalClinic global + MedicalWebPage + FAQPage + BreadcrumbList,Media-baja,Breadcrumb + categoría + 2 relacionados,P2,Buen enfoque diagnóstico; ampliar alternativas y riesgos.
https://www.hautlabmx.com/procedimientos/menton,Procedimiento/condición,Mérida,Mentón en Mérida,Mentón en Mérida | HAUTLAB + Dr. Salvador Cordero,Mentón,Evaluación de proyección y proporción del tercio inferior para equilibrar perfil y lectura frontal.,https://www.hautlabmx.com/procedimientos/menton,"Index, follow",MedicalClinic global + MedicalWebPage + FAQPage + BreadcrumbList,Media-baja,Breadcrumb + categoría + 2 relacionados,P2,Mejorar contexto local y relaciones con perfil facial.
https://www.hautlabmx.com/procedimientos/acne,Procedimiento/condición,Mérida,Acné en Mérida,Acné en Mérida | HAUTLAB + Dr. Salvador Cordero,Acné,"Plan médico progresivo para controlar inflamación, brotes, pigmento y secuelas.",https://www.hautlabmx.com/procedimientos/acne,"Index, follow",MedicalClinic global + MedicalWebPage + FAQPage + BreadcrumbList,Media-baja,Breadcrumb + categoría + 2 relacionados,P0,"Prioridad clínica y local; necesita mayor profundidad YMYL, fuentes y revisión médica."
https://www.hautlabmx.com/procedimientos/cicatrices-acne,Procedimiento/condición,Mérida,Cicatrices de acné en Mérida,Cicatrices de acné en Mérida | HAUTLAB + Dr. Salvador Cordero,Cicatrices de acné,"Plan por etapas para mejorar textura, bordes y profundidad después de controlar el acné activo.",https://www.hautlabmx.com/procedimientos/cicatrices-acne,"Index, follow",MedicalClinic global + MedicalWebPage + FAQPage + BreadcrumbList,Media-baja,Breadcrumb + categoría + 2 relacionados,P0,"Necesita clasificación, técnicas, riesgos, recuperación y enlaces clínicamente coherentes."
https://www.hautlabmx.com/procedimientos/melasma,Procedimiento/condición,Mérida,Melasma en Mérida,Melasma en Mérida | HAUTLAB + Dr. Salvador Cordero,Melasma,"Control progresivo del pigmento con diagnóstico, fotoprotección y tratamiento combinado.",https://www.hautlabmx.com/procedimientos/melasma,"Index, follow",MedicalClinic global + MedicalWebPage + FAQPage + BreadcrumbList,Media-baja,Breadcrumb + categoría + 2 relacionados,P0,"Tema complejo/YMYL; ampliar diagnóstico diferencial, recaídas, riesgos y fuentes."
https://www.hautlabmx.com/procedimientos/rosacea,Procedimiento/condición,Mérida,Rosácea en Mérida,Rosácea en Mérida | HAUTLAB + Dr. Salvador Cordero,Rosácea,"Control de enrojecimiento, sensibilidad, brotes e irritación mediante un plan adaptado a desencadenantes y barrera cutánea.",https://www.hautlabmx.com/procedimientos/rosacea,"Index, follow",MedicalClinic global + MedicalWebPage + FAQPage + BreadcrumbList,Media-baja,Breadcrumb + categoría + 2 relacionados,P1,"Buena base; requiere profundidad, fuentes, revisión y enlaces."
https://www.hautlabmx.com/procedimientos/alopecia,Procedimiento/condición,Mérida,Caída de cabello y alopecia en Mérida,Caída de cabello y alopecia en Mérida | HAUTLAB + Dr. Salvador Cordero,Caída de cabello y alopecia,"Evaluación del patrón de caída, cuero cabelludo, antecedentes y posibles factores asociados antes de indicar tratamiento.",https://www.hautlabmx.com/procedimientos/alopecia,"Index, follow",MedicalClinic global + MedicalWebPage + FAQPage + BreadcrumbList,Media-baja,Breadcrumb + categoría + 2 relacionados,P0,Enlaces actuales a acné/rosácea son débiles; crear clúster capilar cuando servicios se validen.
https://www.hautlabmx.com/procedimientos/verrugas,Procedimiento/condición,Mérida,Verrugas en Mérida,Verrugas en Mérida | HAUTLAB + Dr. Salvador Cordero,Verrugas,"Valoración de lesiones y selección de técnica según localización, número y diagnóstico.",https://www.hautlabmx.com/procedimientos/verrugas,"Index, follow",MedicalClinic global + MedicalWebPage + FAQPage + BreadcrumbList,Media-baja,Breadcrumb + categoría + 2 relacionados,P1,"Ampliar diagnóstico diferencial, opciones y cuidados."
https://www.hautlabmx.com/procedimientos/lunares,Procedimiento/condición,Mérida,Lunares y lesiones pigmentadas en Mérida,Lunares y lesiones pigmentadas en Mérida | HAUTLAB + Dr. Salvador Cordero,Lunares y lesiones pigmentadas,"Evaluación clínica y dermatoscópica para decidir observación, seguimiento, retiro o estudio.",https://www.hautlabmx.com/procedimientos/lunares,"Index, follow",MedicalClinic global + MedicalWebPage + FAQPage + BreadcrumbList,Media-baja,Breadcrumb + categoría + 2 relacionados,P1,Alta relevancia clínica; separar dermatoscopia/cáncer cutáneo solo tras validar alcance real.
https://www.hautlabmx.com/procedimientos/mandibula,Procedimiento/condición,Mérida,Mandíbula en Mérida,Mandíbula en Mérida | HAUTLAB + Dr. Salvador Cordero,Mandíbula,"Definición del tercio inferior basada en estructura, proporción y peso visual, no en añadir volumen de forma automática.",https://www.hautlabmx.com/procedimientos/mandibula,"Index, follow",MedicalClinic global + MedicalWebPage + FAQPage + BreadcrumbList,Media-baja,Breadcrumb + categoría + 2 relacionados,P2,Página existente; fortalecer perfil facial e indicaciones.
https://www.hautlabmx.com/procedimientos/armonizacion-facial,Procedimiento/condición,Mérida,Armonización facial en Mérida,Armonización facial en Mérida | HAUTLAB + Dr. Salvador Cordero,Armonización facial,"Plan integral que prioriza proporción, secuencia y límites antes de elegir productos o zonas.",https://www.hautlabmx.com/procedimientos/armonizacion-facial,"Index, follow",MedicalClinic global + MedicalWebPage + FAQPage + BreadcrumbList,Media-baja,Breadcrumb + categoría + 2 relacionados,P2,Evitar lenguaje comercial genérico; buena diferenciación actual.
https://www.hautlabmx.com/procedimientos/bioestimuladores,Procedimiento/condición,Mérida,Bioestimuladores en Mérida,Bioestimuladores en Mérida | HAUTLAB + Dr. Salvador Cordero,Bioestimuladores,"Tratamientos orientados a soporte y calidad cutánea mediante una respuesta progresiva, sin perseguir volumen evidente.",https://www.hautlabmx.com/procedimientos/bioestimuladores,"Index, follow",MedicalClinic global + MedicalWebPage + FAQPage + BreadcrumbList,Media-baja,Breadcrumb + categoría + 2 relacionados,P2,"Aclarar familias de producto, diferencias, riesgos y expectativas."
https://www.hautlabmx.com/procedimientos/hollywood-peel,Procedimiento/condición,Mérida,Hollywood Peel en Mérida,Hollywood Peel en Mérida | HAUTLAB + Dr. Salvador Cordero,Hollywood Peel,"Procedimiento con carbón y tecnología láser orientado a luminosidad, textura y limpieza visual de la piel en casos seleccionados.",https://www.hautlabmx.com/procedimientos/hollywood-peel,"Index, follow",MedicalClinic global + MedicalWebPage + FAQPage + BreadcrumbList,Media-baja,Breadcrumb + categoría + 2 relacionados,P2,Profundizar indicación y límites; evitar promesas.
https://www.hautlabmx.com/procedimientos/skin-booster,Procedimiento/condición,Mérida,Skin booster en Mérida,Skin booster en Mérida | HAUTLAB + Dr. Salvador Cordero,Skin booster,"Microdepósitos inyectables orientados a hidratación, elasticidad y calidad visual sin buscar cambiar las proporciones del rostro.",https://www.hautlabmx.com/procedimientos/skin-booster,"Index, follow",MedicalClinic global + MedicalWebPage + FAQPage + BreadcrumbList,Media-baja,Breadcrumb + categoría + 2 relacionados,P2,Aclarar diferencias con rellenos y bioestimuladores.
https://www.hautlabmx.com/procedimientos/peelings-medicos,Procedimiento/condición,Mérida,Peelings médicos en Mérida,Peelings médicos en Mérida | HAUTLAB + Dr. Salvador Cordero,Peelings médicos,"Exfoliación química controlada seleccionada según diagnóstico, fototipo, sensibilidad y profundidad requerida.",https://www.hautlabmx.com/procedimientos/peelings-medicos,"Index, follow",MedicalClinic global + MedicalWebPage + FAQPage + BreadcrumbList,Media-baja,Breadcrumb + categoría + 2 relacionados,P1,"Buena oportunidad clínica; ampliar tipos, preparación, recuperación y riesgos."
